{
  "catalogs": [
    {
      "user": "admin",
      "catalog": ".*",
      "allow": "all"
    },
    {
      "catalog": "postgresql",
      "allow": "read-only"
    },
    {
      "catalog": "di-postgresql",
      "allow": "read-only"
    },
    {
      "catalog": "system",
      "allow": "none"
    }
  ],
  "schemas": [
    {
      "user": ".*",
      "schema": ".*",
      "owner": false
    }
  ],
  "tables": [
    {
      "user": "b5bd4d15-6cfa-4e69-b0ca-73ac61c657ef",
      "catalog": "postgresql",
      "schema": "project_1_research",
      "table": ".*",
      "privileges": [
        "SELECT"
      ]
    },
    {
      "user": "b5bd4d15-6cfa-4e69-b0ca-73ac61c657ef",
      "catalog": "postgresql",
      "schema": "project_1_research",
      "table": ".*",
      "privileges": [
        "SELECT"
      ]
    },
    {
      "user": ".*",
      "privileges": []
    }
  ]
}